scene_id,cosine_similarity
scene_0001,0.2502690255641937
scene_0002,0.24170978367328644
scene_0003,0.25344207882881165
scene_0004,0.24178577959537506
scene_0005,0.24901606142520905
